{"cameraMode":{"drawMode":0,"name":"Shaded","section":"Shading Mode"},"sceneLighting":false,"audioPlay":false,"sceneViewState":{"m_AlwaysRefresh":false,"showFog":true,"showSkybox":false,"showFlares":true,"showImageEffects":true,"showParticleSystems":true,"showVisualEffectGraphs":true,"m_FxEnabled":true},"in2DMode":false,"pivot":{"x":-1.5531072616577149,"y":-1.0522818565368653,"z":8.990500450134278},"rotation":{"x":-0.07507173717021942,"y":0.06636041402816773,"z":-0.005007022060453892,"w":-0.9949618577957153},"size":1.5225105285644532,"orthographic":false}